-- Inserts para la tabla FILE_IMPORTER_GROUP (5 registros)
INSERT INTO FILE_IMPORTER_GROUP (FILE_TAG, INPUT_PATH, IS_ACTIVE) VALUES ('SALES_DATA', '/app/importer/sales/', 'Y');
INSERT INTO FILE_IMPORTER_GROUP (FILE_TAG, INPUT_PATH, IS_ACTIVE) VALUES ('HR_RECORDS', '/app/importer/hr/', 'Y');
INSERT INTO FILE_IMPORTER_GROUP (FILE_TAG, INPUT_PATH, IS_ACTIVE) VALUES ('FINANCE_RPT', '/app/importer/finance/', 'N');
INSERT INTO FILE_IMPORTER_GROUP (FILE_TAG, INPUT_PATH, IS_ACTIVE) VALUES ('LOGISTICS_INV', '/app/importer/logistics/', 'Y');
INSERT INTO FILE_IMPORTER_GROUP (FILE_TAG, INPUT_PATH, IS_ACTIVE) VALUES ('MARKETING_LEAD', '/app/importer/marketing/', 'N');

-- Inserts para la tabla FILE_IMPORTER_GROUP_EXT (15 registros)
-- Asociados a SALES_DATA
INSERT INTO FILE_IMPORTER_GROUP_EXT (FILE_TAG, EXTENSION, IS_ACTIVE) VALUES ('SALES_DATA', 'csv', 'Y');
INSERT INTO FILE_IMPORTER_GROUP_EXT (FILE_TAG, EXTENSION, IS_ACTIVE) VALUES ('SALES_DATA', 'txt', 'Y');
INSERT INTO FILE_IMPORTER_GROUP_EXT (FILE_TAG, EXTENSION, IS_ACTIVE) VALUES ('SALES_DATA', 'xlsx', 'N');

-- Asociados a HR_RECORDS
INSERT INTO FILE_IMPORTER_GROUP_EXT (FILE_TAG, EXTENSION, IS_ACTIVE) VALUES ('HR_RECORDS', 'json', 'Y');
INSERT INTO FILE_IMPORTER_GROUP_EXT (FILE_TAG, EXTENSION, IS_ACTIVE) VALUES ('HR_RECORDS', 'xml', 'Y');
INSERT INTO FILE_IMPORTER_GROUP_EXT (FILE_TAG, EXTENSION, IS_ACTIVE) VALUES ('HR_RECORDS', 'pdf', 'N');

-- Asociados a FINANCE_RPT
INSERT INTO FILE_IMPORTER_GROUP_EXT (FILE_TAG, EXTENSION, IS_ACTIVE) VALUES ('FINANCE_RPT', 'csv', 'Y');
INSERT INTO FILE_IMPORTER_GROUP_EXT (FILE_TAG, EXTENSION, IS_ACTIVE) VALUES ('FINANCE_RPT', 'xlsx', 'Y');
INSERT INTO FILE_IMPORTER_GROUP_EXT (FILE_TAG, EXTENSION, IS_ACTIVE) VALUES ('FINANCE_RPT', 'txt', 'N');

-- Asociados a LOGISTICS_INV
INSERT INTO FILE_IMPORTER_GROUP_EXT (FILE_TAG, EXTENSION, IS_ACTIVE) VALUES ('LOGISTICS_INV', 'xml', 'Y');
INSERT INTO FILE_IMPORTER_GROUP_EXT (FILE_TAG, EXTENSION, IS_ACTIVE) VALUES ('LOGISTICS_INV', 'json', 'N');
INSERT INTO FILE_IMPORTER_GROUP_EXT (FILE_TAG, EXTENSION, IS_ACTIVE) VALUES ('LOGISTICS_INV', 'csv', 'Y');

-- Asociados a MARKETING_LEAD
INSERT INTO FILE_IMPORTER_GROUP_EXT (FILE_TAG, EXTENSION, IS_ACTIVE) VALUES ('MARKETING_LEAD', 'txt', 'Y');
INSERT INTO FILE_IMPORTER_GROUP_EXT (FILE_TAG, EXTENSION, IS_ACTIVE) VALUES ('MARKETING_LEAD', 'csv', 'N');
INSERT INTO FILE_IMPORTER_GROUP_EXT (FILE_TAG, EXTENSION, IS_ACTIVE) VALUES ('MARKETING_LEAD', 'xlsx', 'Y');

-- Inserts para la tabla FILE_IMPORTER_PROCESS (15 registros)
-- Se repiten los FILE_TAGs para alcanzar 15 registros
INSERT INTO FILE_IMPORTER_PROCESS (FILE_TAG, SP_NAME, FIXED_W, CHAR_SEPARATION, IS_ACTIVE) VALUES ('SALES_DATA', 'SP_PROCESS_TEST', 'N', ',', 'Y');
INSERT INTO FILE_IMPORTER_PROCESS (FILE_TAG, SP_NAME, FIXED_W, CHAR_SEPARATION, IS_ACTIVE) VALUES ('HR_RECORDS', 'SP_PROCESS_TEST', 'Y', NULL, 'Y');
INSERT INTO FILE_IMPORTER_PROCESS (FILE_TAG, SP_NAME, FIXED_W, CHAR_SEPARATION, IS_ACTIVE) VALUES ('FINANCE_RPT', 'SP_PROCESS_TEST', 'N', ';', 'N');
INSERT INTO FILE_IMPORTER_PROCESS (FILE_TAG, SP_NAME, FIXED_W, CHAR_SEPARATION, IS_ACTIVE) VALUES ('LOGISTICS_INV', 'SP_PROCESS_TEST', 'Y', NULL, 'Y');
INSERT INTO FILE_IMPORTER_PROCESS (FILE_TAG, SP_NAME, FIXED_W, CHAR_SEPARATION, IS_ACTIVE) VALUES ('MARKETING_LEAD', 'SP_PROCESS_TEST', 'N', '|', 'N');

-----------------------------------------------------------------------------------------------------------------------------------------------------
/*
INSERT INTO FILE_IMPORTER_PROCESS (FILE_TAG, SP_NAME, FIXED_W, CHAR_SEPARATION, IS_ACTIVE) VALUES ('SALES_DATA', 'SP_PROCESS_TEST', 'Y', NULL, 'Y');
INSERT INTO FILE_IMPORTER_PROCESS (FILE_TAG, SP_NAME, FIXED_W, CHAR_SEPARATION, IS_ACTIVE) VALUES ('HR_RECORDS', 'SP_PROCESS_TEST', 'N', ',', 'N');
INSERT INTO FILE_IMPORTER_PROCESS (FILE_TAG, SP_NAME, FIXED_W, CHAR_SEPARATION, IS_ACTIVE) VALUES ('FINANCE_RPT', 'SP_PROCESS_TEST', 'Y', NULL, 'Y');
INSERT INTO FILE_IMPORTER_PROCESS (FILE_TAG, SP_NAME, FIXED_W, CHAR_SEPARATION, IS_ACTIVE) VALUES ('LOGISTICS_INV', 'SP_PROCESS_TEST', 'N', ';', 'N');
INSERT INTO FILE_IMPORTER_PROCESS (FILE_TAG, SP_NAME, FIXED_W, CHAR_SEPARATION, IS_ACTIVE) VALUES ('MARKETING_LEAD', 'SP_PROCESS_TEST', 'Y', NULL, 'Y');

INSERT INTO FILE_IMPORTER_PROCESS (FILE_TAG, SP_NAME, FIXED_W, CHAR_SEPARATION, IS_ACTIVE) VALUES ('SALES_DATA', 'SP_PROCESS_TEST', 'N', '|', 'N');
INSERT INTO FILE_IMPORTER_PROCESS (FILE_TAG, SP_NAME, FIXED_W, CHAR_SEPARATION, IS_ACTIVE) VALUES ('HR_RECORDS', 'SP_PROCESS_TEST', 'Y', NULL, 'Y');
INSERT INTO FILE_IMPORTER_PROCESS (FILE_TAG, SP_NAME, FIXED_W, CHAR_SEPARATION, IS_ACTIVE) VALUES ('FINANCE_RPT', 'SP_PROCESS_TEST', 'N', ',', 'Y');
INSERT INTO FILE_IMPORTER_PROCESS (FILE_TAG, SP_NAME, FIXED_W, CHAR_SEPARATION, IS_ACTIVE) VALUES ('LOGISTICS_INV', 'SP_PROCESS_TEST', 'Y', NULL, 'N');
INSERT INTO FILE_IMPORTER_PROCESS (FILE_TAG, SP_NAME, FIXED_W, CHAR_SEPARATION, IS_ACTIVE) VALUES ('MARKETING_LEAD', 'SP_PROCESS_TEST', 'N', ';', 'Y');
*/